{"4f6d7907-2358-4e70-bf47-8d296ff0e1c9": {"config_name": "Gitea_Raphael_1", "api_url": "http://192.168.1.164:3000/api/v1", "token": "8cf2ca530a56c6c259e24b09063f97ae0308fd5e", "tool_list": "http://192.168.1.164:3000/martin/snake_launcher_toolbox/raw/branch/main/toolbox.txt", "last_updated": "2024-06-23 15:59:01"}, "b7ef3184-6322-4483-842b-b556afba0ebd": {"config_name": "Gitea_nr2", "api_url": "http://192.168.1.164:3001/api/v1", "token": "609ffc60f5f75ef522f3d9dabdb0b7bc65f8f11e", "tool_list": "http://192.168.1.164:3001/raphi/snake_launcher_toolbox/raw/branch/main/toolbox.txt", "last_updated": "2024-06-24 15:52:11"}}